key,city,scheme,status,launched,charge_note,charge_basis,charge_usd_peak,traffic_change_pct,traffic_metric,revenue_note,equity_regime,suits_index,support_before,support_after,tier,source,lesson
singapore,Singapore,Area Licence Scheme then Electronic Road Pricing,operating,1975,"SGD 0.50-6 per gantry passage, varying by road, time and vehicle class, revised quarterly against measured speeds.",per_passage,4.45,-15.0,"Expressway volume during ERP hours. Average speeds rose from 35 to 55 km/h.","Treated as general revenue, not hypothecated.","No income-based discounts; the rate varies by congestion, not by driver.",,,,PUBLISHED,"Singapore LTA; Menon, Electronic Road Pricing experience and lessons","Rates revised quarterly against measured speeds, rather than fixed in statute, are what keeps a charge working for fifty years."
london,London,Central London Congestion Charge,operating,2003,"GBP 5 daily at launch, GBP 15 today, flat regardless of distance or number of entries.",daily,19.00,-16.0,"Traffic within the charging zone, first year. Congestion during charging hours fell about 30%.",Hypothecated to transport for the first ten years.,"90% residents' discount; low-income and disabled residents protected to 2030; motorbikes, mopeds and 9+ seat vehicles exempt.",,,,PUBLISHED,"Transport for London, first-year results; SFCTA case studies","Traffic stayed down permanently but DELAY reverted to pre-charge levels within five years, as road space was reallocated and background demand grew. A charge buys a traffic reduction more reliably than it buys a lasting delay reduction."
stockholm,Stockholm,Congestion tax,operating,2007,"11-45 SEK per passage by time of day, daily maximum 135 SEK as of 2023. Pilot ran January to July 2006.",per_passage,4.30,-20.0,"Cordon crossings during charged hours. The reduction INCREASED over the following decade rather than decaying.",Hypothecated to road and transit investment.,No income-based discounts of any kind.,-0.09,0.34,0.66,PUBLISHED,"Swedish Transport Administration; Borjesson et al., The Swedish congestion charges: ten years on; Eliasson ITF DP 2016-13","A scheme with NO income discounts is still not regressive, because wealthy inner-city residents pay the most. Geography did the distributional work that a means test would otherwise have to."
gothenburg,Gothenburg,Congestion tax,operating,2013,"9-22 SEK per passage by time of day, on the same model as Stockholm.",per_passage,2.10,-10.0,"Total volume across the charged area during charged hours, first year. Inner-city streets about -9%.",Net social surplus of about EUR 20M/year in published cost-benefit analysis.,No income-based discounts; a company-car exemption that worsens the Suits index.,-0.13,,,PUBLISHED,"Borjesson & Kristoffersson, The Gothenburg congestion charges: cost-benefit analysis and distribution effects","The company-car exemption moves the Suits index from -0.06 to -0.13. An exemption granted for administrative convenience can double a scheme's regressivity."
milan,Milan,Ecopass then Area C,operating,2008,"EUR 5 daily for the Area C cordon since 2012. The 2008 Ecopass charged by emissions class instead.",daily,5.40,-31.1,"Daily vehicle entries to the cordon, 2012 against 2011 (131,898 falling to 90,849). A separate source reports -34%.",Hypothecated to sustainable transport.,Residents receive discounted entries.,,,,PUBLISHED,"Comune di Milano open data; C40 Cities case study","An emissions-based charge was replaced by a congestion-based one, because charging the wrong externality does not fix the right one."
new_york,New York,Congestion Relief Zone,operating,2025-01-05,"USD 9 peak for passenger cars entering Manhattan south of 60th St, charged once per day.",daily,9.00,-11.0,"Vehicles entering the Congestion Relief Zone, first year: 27 million fewer, about 70,000 fewer per day.","USD 550M net in year one, about USD 50M above projection.","Seven categories: 50% low-income discount after the first 10 trips in a month (AGI at or under USD 50k, or SNAP), a tax credit for zone residents under USD 60k, disability, organisational disability, emergency, bus and government exemptions.",,,,PUBLISHED,"MTA; New York Governor's office first-anniversary release; Cornell PM2.5 study","The only North American scheme and the closest comparator this study has. PM2.5 down 22%, crashes down 7%, fatalities in the zone down 40%."
edinburgh,Edinburgh,Proposed cordon charge,rejected,2005,"Two cordons, GBP 2 per day.",daily,,,Never implemented.,,Not reached -- rejected before implementation.,,0.256,,PUBLISHED,"Edinburgh referendum, February 2005; Scottish Cabinet papers","Rejected 74.4% to 25.6%. The driver was TRUST, not economics: only one in four believed the revenue would actually go to transport. Car ownership predicted the vote better than income did."
manchester,Manchester,Transport Innovation Fund charge,rejected,2008,"Peak-only, two cordons, attached to a GBP 3bn transport package.",daily,,,Never implemented.,,Not reached.,,,,PUBLISHED,"Greater Manchester referendum, December 2008","A GBP 3bn transport package attached to the charge was not enough to carry it. Paying people in advance does not buy consent if they do not believe the charge will work."
new_york_2008,New York,Manhattan cordon (first attempt),withdrawn,2008,USD 8 cordon proposed under the federal Urban Partnership programme.,daily,,,Never implemented.,,Not reached.,,,,PUBLISHED,RPA; contemporary reporting,"Failed in the state legislature, not at the ballot box, and forfeited USD 354M of federal funding. Seventeen years passed before the 2025 scheme. Losing an authorisation fight is not a delay, it is a generation."
